Algorithm,2dSkyline,3dSkyline,4dSkyline,5dSkyline
AA,0.0072578,0.07792669999999999,0.1200804,0.1671664
EA,0.0038990000000000006,0.0449222,0.6537802,7.442238499999999
UH-Random,0.003445,0.32597190000000004,13.2151246,166.9653642
UH-Simplex,0.0048501,0.4589084999999999,27.511280999999997,374.15813779999996
SinglePass,0.0029765,0.3539217,1.8397004000000003,5.000475599999999
