Algorithm,10d,15d,20d,25d
AA,0.6223868,1.0902794,1.7285779000000001,3.4367630999999994
SinglePass,46.6459854,55.0560786,68.7700773,79.6246323
