Algorithm,10d,15d,20d,25d
AA,0.6478756,1.1106685,1.6503038,2.4261226000000002
singlePass,45.6789674,54.3991516,69.17701059999999,79.199901
