Algorithm,2dSkyline,3dSkyline,4dSkyline,5dSkyline
AA,0.0082003,0.0770935,0.1192929,0.17432540000000002
EA,0.0035926999999999995,0.043814900000000004,0.4797796,4.0071257000000005
UH-Random,0.0025536,0.3231885,13.675652499999998,133.4703217
UH-Simplex,0.0039735000000000005,0.44936740000000003,26.798278700000004,355.79304629999996
singlePass,6.919999999999999e-05,0.3391538,1.7635975,4.763801
