Algorithm,10d,15d,20d,25d
AA,0.008668397513766335,0.017028820244891284,0.04284634364821105,0.02008500201584239
SinglePass,0.0004879156139042662,0.0,0.0,0.0
