Algorithm,4d10kSkyline,4d50kSkyline,4dSkyline,4d500kSkyline,4d1MSkyline
AA,0.10620930000000002,0.12052080000000001,0.1200804,0.12370459999999998,0.1266487
EA,0.2347577,0.48389810000000005,0.6537802,1.0011348999999998,1.395921
UH-Random,4.1794074,11.155023700000001,13.2151246,37.8239379,42.712954599999996
UH-Simplex,12.736153300000002,20.7527021,27.511280999999997,59.80366660000001,77.46393409999999
SinglePass,0.7215869000000001,1.6335302999999999,1.8397004000000003,2.8497370999999996,3.598071
