Algorithm,4d10kSkyline,4d50kSkyline,4dSkyline,4d500kSkyline,4d1MSkyline
AA,0.1068201,0.0989612,0.1192929,0.1230936,0.12410450000000002
EA,0.25116120000000003,0.5022131,0.4797796,0.9134858000000001,1.2427375
UH-Random,3.5283631,10.246592600000001,13.675652499999998,41.2524667,62.04521020000001
UH-Simplex,12.878082800000001,22.0837247,26.798278700000004,60.42001469999999,78.4387215
singlePass,0.7051874,1.6677291,1.7635975,2.8512483,3.6149733
