Algorithm,10d,15d,20d,25d
AA,0.019867608723248643,0.022883066488382852,0.037395127483594616,0.03021522992695197
singlePass,0.0004879156139042662,0.0,0.0,0.0
