Algorithm,2dSkyline,3dSkyline,4dSkyline,5dSkyline
AA,0.0,0.0001688791971092507,0.01266325788602759,0.008605743169882173
EA,0.0018396606917499448,0.007331881824439268,0.011614639149981676,0.007345787206778864
UH-Random,0.0,0.0,0.0,0.0
UH-Simplex,0.0,0.0,0.0,0.0
SinglePass,0.0,0.0028257144139744337,0.00022754924262443632,0.0
