Algorithm,4d10kSkyline,4d50kSkyline,4dSkyline,4d500kSkyline,4d1MSkyline
AA,0.006007986498583551,0.012728433929228834,0.00818118185497364,0.0,0.012235412184347061
EA,0.003998676400901869,0.008800396617701567,0.011587083384921381,0.014528230705736788,0.01185028866494725
UH-Random,0.0,0.0,0.0,0.0,0.0
UH-Simplex,0.0,0.0,0.0,0.0,0.0
singlePass,0.0,0.0,0.00022754924262443632,0.0015798686467300648,0.0
