Algorithm,2dSkyline,3dSkyline,4dSkyline,5dSkyline
AA,0.0,7.468338717652179e-05,0.00818118185497364,0.00916526522205684
EA,0.0018396606917499448,0.004733566818328661,0.011587083384921381,0.007669887115975005
UH-Random,0.0,0.0,0.0,0.0
UH-Simplex,0.0,0.0,0.0,0.0
singlePass,0.0,0.0028257144139744337,0.00022754924262443632,0.0
