Algorithm,4d10kSkyline,4d50kSkyline,4dSkyline,4d500kSkyline,4d1MSkyline
AA,0.011552528736383582,0.01189839890907184,0.01266325788602759,0.004978861822057612,0.009993376170644375
EA,0.01785335650927562,0.023531820526133184,0.011614639149981676,0.0075085422390229195,0.012287806740655638
UH-Random,0.0,0.0,0.0,0.0,0.0
UH-Simplex,0.0,0.0,0.0,0.0,0.0
SinglePass,0.0,0.0,0.00022754924262443632,0.0015798686467300648,0.0
